record_id,product_key,supplier_key,location_key,carrier_key,route_key,mode_key,price,availability,number_of_products_sold,revenue_generated,stock_levels,lead_times,lead_time,lead_time_canonical,order_quantities,shipping_times,shipping_costs,production_volumes,manufacturing_lead_time,manufacturing_costs,defect_rates,defect_rate_scaled,costs,unit_margin_proxy,demand_signal,stock_cover_proxy,total_logistics_cost,total_manufacturing_cost,total_cost_proxy,defect_cost_risk_proxy,logistics_cost_per_unit,currency_code,sku,product_type,supplier_name,location,shipping_carriers,routes,transportation_modes
1,1,3,5,2,2,3,69.80800554211577,55.0,802.0,8661.996792392383,58.0,7.0,29.0,29.0,96.0,4.0,2.956572139430807,215.0,29.0,46.27987924050832,0.2264103608499251,0.002264103608499251,187.75207545920392,-59.0075107885093,14.581818181818182,0.07231920199501247,190.70864759863474,9950.17403670929,10140.882684307924,22.960009078909142,0.23779133117036752,USD,SKU0,haircare,Supplier 3,Mumbai,Carrier B,Route B,Road
2,2,3,5,1,2,3,14.84352327508434,95.0,736.0,7460.900065445849,53.0,30.0,23.0,23.0,37.0,2.0,9.71657477143131,517.0,30.0,33.61676895373,4.854068026388706,0.04854068026388706,503.0655791496692,-4.706430794859003,7.747368421052632,0.07201086956521739,512.7821539211005,17379.869549078412,17892.651702999512,868.5214853883937,0.6967148830449735,USD,SKU1,skincare,Supplier 3,Mumbai,Carrier A,Route B,Road
3,13,1,5,2,3,1,11.319683293090566,34.0,8.0,9577.74962586873,1.0,10.0,12.0,12.0,88.0,2.0,8.054479261732155,971.0,27.0,30.688019348284204,4.580592619199229,0.04580592619199229,141.92028177151906,1185.8990199405007,0.23529411764705882,0.125,149.9747610332512,29798.06678718396,29948.041548217214,1371.7977807523562,18.7468451291564,USD,SKU2,haircare,Supplier 1,Mumbai,Carrier B,Route C,Air
4,24,5,4,3,1,2,61.163343016437736,68.0,83.0,7766.836425685233,23.0,13.0,24.0,24.0,59.0,6.0,1.7295685635434288,937.0,18.0,35.62474139712503,4.74664862064775,0.0474664862064775,254.77615921928663,32.412999461697595,1.2205882352941178,0.27710843373493976,256.50572778283004,33380.382689106154,33636.888416888985,1596.6249000690837,3.0904304552148196,USD,SKU3,skincare,Supplier 5,Kolkata,Carrier C,Route A,Rail
5,35,1,3,1,1,1,4.805496036345893,26.0,871.0,2686.505151567447,5.0,3.0,5.0,5.0,56.0,8.0,3.890547915870672,414.0,3.0,92.06516059871284,3.145579522833002,0.031455795228330016,923.4406317119222,-1.7211043583120853,33.5,0.0057405281285878304,927.3311796277928,38114.97648786711,39042.307667494904,1228.1068352301786,1.0646741442339758,USD,SKU4,skincare,Supplier 1,Delhi,Carrier A,Route A,Air
6,46,4,1,2,1,3,1.6999760138659377,87.0,147.0,2828.348745975759,90.0,27.0,10.0,10.0,66.0,3.0,4.444098864382293,104.0,17.0,56.7664755574318,2.7791935115711617,0.027791935115711618,235.4612367355375,17.5404916458331,1.6896551724137931,0.6122448979591837,239.9053355999198,5903.713457972907,6143.618793572827,170.74305488664248,1.6320090857137401,USD,SKU5,haircare,Supplier 4,Bangalore,Carrier B,Route A,Road
7,57,3,4,3,1,4,4.078332863107945,48.0,65.0,7823.476559531737,11.0,15.0,14.0,14.0,58.0,8.0,3.880763302952003,314.0,24.0,1.0850685695870688,1.0009106193041355,0.010009106193041356,134.36909686103172,116.28284497584185,1.3541666666666667,0.16923076923076924,138.24986016398373,340.7115308503396,478.96139101432334,4.793975425029166,2.1269209255997494,USD,SKU6,skincare,Supplier 3,Kolkata,Carrier C,Route A,Sea
8,68,4,1,2,3,3,42.95838438246007,59.0,426.0,8496.103813089838,93.0,17.0,22.0,22.0,11.0,1.0,2.3483387844177805,564.0,1.0,99.46610860359912,0.3981771868506506,0.0039817718685065066,802.0563118175586,-23.014478717929933,7.220338983050848,0.21830985915492956,804.4046506019764,56098.88525242991,56903.28990303188,226.57591896136267,1.88827382770417,USD,SKU7,cosmetics,Supplier 4,Bangalore,Carrier B,Route C,Road
9,79,4,5,3,2,4,68.71759674852733,78.0,150.0,7517.363210631127,5.0,10.0,13.0,13.0,15.0,7.0,3.4047338570830266,769.0,8.0,11.423027139565695,2.709862691109961,0.02709862691109961,505.55713422546415,-18.60184201098648,1.9230769230769231,0.03333333333333333,508.9618680825472,8784.30787032602,9293.269738408568,251.83484942534605,3.393079120550315,USD,SKU8,cosmetics,Supplier 4,Mumbai,Carrier C,Route B,Sea
10,90,2,2,1,2,2,64.01573294127854,35.0,980.0,4971.145987585558,14.0,27.0,29.0,29.0,83.0,1.0,7.166645291048216,963.0,23.0,47.95760163495158,3.844614478767585,0.03844614478767585,995.9294614986416,-58.943134994762666,28.0,0.014285714285714285,1003.0961067896898,46183.17037445837,47186.266481248065,1814.130033127919,1.0235674559078467,USD,SKU9,skincare,Supplier 2,Chennai,Carrier A,Route B,Rail
11,3,5,4,3,2,3,15.707795681912138,11.0,996.0,2330.965802091949,51.0,13.0,18.0,18.0,80.0,2.0,8.673211211278613,830.0,5.0,96.52735278531092,1.7273139283559424,0.017273139283559426,806.103177702923,-13.367468571378053,90.54545454545455,0.05120481927710843,814.7763889142016,80117.70281180806,80932.47920072227,1397.957985797852,0.8180485832471903,USD,SKU10,skincare,Supplier 5,Kolkata,Carrier C,Route B,Road
12,4,2,4,1,1,1,90.63545998228868,95.0,960.0,6099.944115581452,46.0,23.0,28.0,28.0,60.0,1.0,4.523943124316663,362.0,11.0,27.592363086663696,0.0211698213729943,0.000211698213729943,126.72303340940724,-84.281351528558,10.105263157894736,0.04791666666666667,131.2469765337239,9988.435437372258,10119.682413905983,2.142318690538214,0.1367156005559624,USD,SKU11,skincare,Supplier 2,Kolkata,Carrier A,Route A,Air
13,5,4,4,1,2,3,71.21338907536008,41.0,336.0,2873.7414460214413,100.0,30.0,3.0,3.0,85.0,4.0,1.325274010184522,563.0,3.0,32.32128621342403,2.161253747555912,0.02161253747555912,402.9687890737706,-62.66058715267722,8.195121951219512,0.2976190476190476,404.2940630839551,18196.88413815773,18601.178201241684,402.0186609638893,1.2032561401308188,USD,SKU12,haircare,Supplier 4,Kolkata,Carrier A,Route B,Road
14,6,5,1,1,2,3,16.160393317379977,5.0,249.0,4052.738416237866,80.0,8.0,23.0,23.0,48.0,9.0,9.537283061108338,173.0,10.0,97.82905011017328,1.6310742300715386,0.016310742300715386,547.2410051609685,0.11566457915763806,49.8,0.321285140562249,556.7782882220769,16924.42566905998,17481.203957282058,285.13141285347365,2.2360573824179792,USD,SKU13,skincare,Supplier 5,Bangalore,Carrier A,Route B,Road
15,7,1,4,2,2,1,99.1713286386242,26.0,562.0,8653.570926469802,54.0,29.0,25.0,25.0,78.0,5.0,2.039770189449332,558.0,14.0,5.791436629862989,0.1006828515650937,0.001006828515650937,929.2352899608896,-83.77351560220107,21.615384615384617,0.09608540925266904,931.275060150339,3231.621639463548,4162.896699613887,4.191323104880435,1.6570730607657276,USD,SKU14,skincare,Supplier 1,Kolkata,Carrier B,Route B,Air
16,8,1,1,2,2,4,36.98924492862691,94.0,469.0,5442.086785397673,9.0,8.0,14.0,14.0,69.0,7.0,2.4220397232752044,580.0,7.0,97.12128175147431,2.264405761198549,0.022644057611985492,127.8618000016254,-25.385648371275792,4.98936170212766,0.019189765458422176,130.2838397249006,56330.3434158551,56460.62725558,1278.4976963841918,0.27779070303816755,USD,SKU15,skincare,Supplier 1,Bangalore,Carrier B,Route B,Sea
17,9,1,1,2,1,1,7.547172109791272,74.0,280.0,6453.797968176285,2.0,5.0,3.0,3.0,78.0,1.0,4.191324585705502,399.0,21.0,77.10634249785001,1.012563089258049,0.01012563089258049,865.5257797712403,15.502106347981176,3.7837837837837838,0.007142857142857143,869.7171043569458,30765.430656642155,31635.1477609991,320.32582946012104,3.1061325155605206,USD,SKU16,skincare,Supplier 1,Bangalore,Carrier B,Route A,Air
18,10,1,2,3,3,1,81.46253436923702,82.0,126.0,2629.396434845262,45.0,17.0,7.0,7.0,85.0,9.0,3.585418958232342,453.0,16.0,47.679680368355335,0.1020207549181761,0.001020207549181761,670.9343907924103,-60.594308695861926,1.5365853658536586,0.35714285714285715,674.5198097506427,21598.895206864967,22273.41501661561,22.723506146009644,5.3533318234178,USD,SKU17,cosmetics,Supplier 1,Chennai,Carrier C,Route C,Air
19,11,2,4,3,1,4,36.443627770460935,23.0,620.0,9364.673505076173,10.0,10.0,18.0,18.0,46.0,8.0,4.339224714110709,374.0,17.0,27.10798085484392,2.231939110729264,0.02231939110729264,593.4802587206518,-21.339315665499367,26.956521739130434,0.016129032258064516,597.8194834347626,10138.384839711625,10736.204323146389,239.62554329611032,0.9642249732818751,USD,SKU18,haircare,Supplier 2,Kolkata,Carrier C,Route A,Sea
20,12,4,2,1,3,3,51.12387008796474,100.0,187.0,2553.495584991215,48.0,11.0,20.0,20.0,94.0,3.0,4.742635882841877,694.0,16.0,82.37332058799021,3.646450865417029,0.03646450865417029,477.3076310909034,-37.46881348373364,1.87,0.25668449197860965,482.05026697374524,57167.0844880652,57649.13475503895,2102.1473731805468,2.5778089142981027,USD,SKU19,skincare,Supplier 4,Chennai,Carrier A,Route C,Road
21,14,1,2,1,2,1,96.34107243996338,22.0,320.0,8128.027696851192,27.0,12.0,29.0,29.0,68.0,6.0,8.87833465092684,309.0,6.0,65.68625960848863,4.231416573534539,0.04231416573534539,493.87121531620585,-70.94098588730341,14.545454545454545,0.084375,502.7495499671327,20297.054219022986,20799.803768990118,880.1263439437096,1.5710923436472897,USD,SKU20,skincare,Supplier 1,Chennai,Carrier A,Route B,Air
22,15,5,2,2,3,1,84.89386898495083,60.0,601.0,7087.052696357437,69.0,25.0,19.0,19.0,7.0,6.0,6.037883769218298,791.0,4.0,61.73572895416093,0.0186075676310149,0.00018607567631014898,523.360914720158,-73.10176799267556,10.016666666666667,0.11480865224625623,529.3987984893763,48832.9616027413,49362.360401230675,9.185134595924314,0.880863225439894,USD,SKU21,cosmetics,Supplier 5,Chennai,Carrier B,Route C,Air
23,16,4,4,1,3,2,27.67978088650196,55.0,884.0,2390.8078665561734,71.0,1.0,22.0,22.0,63.0,10.0,9.56764892092304,780.0,28.0,50.12083961297735,2.591275473211116,0.02591275473211116,205.57199582694707,-24.97524710080493,16.072727272727274,0.08031674208144797,215.1396447478701,39094.25489812233,39309.3945428702,1018.6146994571843,0.2433706388550567,USD,SKU22,haircare,Supplier 4,Kolkata,Carrier A,Route C,Rail
24,17,5,4,1,1,2,4.324341185864164,30.0,391.0,8858.367571011484,84.0,5.0,11.0,11.0,29.0,7.0,2.924857601145554,568.0,29.0,98.60995724270389,1.342291562722734,0.01342291562722734,196.32944611241268,18.331330351249605,13.033333333333333,0.21483375959079284,199.25430371355824,56010.45571385581,56209.71001756936,754.498194996749,0.5096017997789214,USD,SKU23,cosmetics,Supplier 5,Kolkata,Carrier A,Route A,Rail
25,18,2,1,3,1,1,4.156308359311108,32.0,209.0,9049.077860939897,4.0,26.0,28.0,28.0,2.0,8.0,9.741291689284369,447.0,3.0,40.382359702924816,3.691310292628728,0.03691310292628728,758.7247726029383,39.14071489877452,6.53125,0.019138755980861243,768.4660642922227,18050.91478720739,18819.380851499613,694.6817423804051,3.6768711210154192,USD,SKU24,haircare,Supplier 2,Bangalore,Carrier C,Route A,Air
26,19,4,4,3,2,3,39.62934398509263,73.0,142.0,2174.777054350654,82.0,11.0,19.0,19.0,52.0,3.0,2.231073681281728,934.0,23.0,78.28038311841539,3.797231217114183,0.03797231217114183,458.535945739209,-24.314012616426055,1.9452054794520548,0.5774647887323944,460.7670194204907,73113.87783259997,73574.64485202046,2793.7993822018143,3.244838164933033,USD,SKU25,haircare,Supplier 4,Kolkata,Carrier C,Route B,Road
27,20,2,1,2,1,2,97.44694661789282,9.0,353.0,3716.493325894037,59.0,16.0,26.0,26.0,48.0,4.0,6.507548621078551,171.0,4.0,15.97222975718176,2.119319736724923,0.021193197367249228,617.8669164583772,-86.91863691281057,39.22222222222222,0.1671388101983003,624.3744650794557,2731.251288478081,3355.6257535575364,71.11643888576928,1.7687661900267868,USD,SKU26,haircare,Supplier 2,Bangalore,Carrier B,Route A,Rail
28,21,5,5,3,2,4,92.55736081240202,42.0,352.0,2686.457223575984,47.0,9.0,25.0,25.0,62.0,8.0,7.406750952998074,291.0,4.0,10.528245070042162,2.864667837883373,0.028646678378833734,762.4591821556837,-84.92538006360661,8.380952380952381,0.13352272727272727,769.8659331086818,3063.719315382269,3833.585248490951,109.81948365136168,2.1871191281496642,USD,SKU27,cosmetics,Supplier 5,Mumbai,Carrier C,Route B,Sea
29,22,1,5,2,1,1,2.397274705597141,12.0,394.0,6117.324615083992,48.0,15.0,13.0,13.0,24.0,4.0,9.898140508069222,171.0,7.0,59.42938181069157,0.815757079295672,0.00815757079295672,123.43702751182708,13.128929901215022,32.833333333333336,0.1218274111675127,133.33516801989632,10162.424289628258,10295.759457648153,83.9883866430185,0.3384141320301937,USD,SKU28,cosmetics,Supplier 1,Mumbai,Carrier B,Route A,Air
30,23,1,4,2,2,3,63.44755918520733,3.0,253.0,8318.903194617178,45.0,5.0,16.0,16.0,67.0,7.0,8.100973145397031,329.0,7.0,39.29287558606575,3.878098936588488,0.03878098936588488,764.9353759407081,-30.566518890277777,84.33333333333333,0.17786561264822134,773.0363490861051,12927.356067815632,13700.392416901737,531.3147726283162,3.055479640656542,USD,SKU29,cosmetics,Supplier 1,Kolkata,Carrier B,Route B,Road
31,25,4,4,2,3,3,8.022859210526393,10.0,327.0,2766.342366866089,60.0,26.0,27.0,27.0,35.0,7.0,8.954528315318015,806.0,30.0,51.63489340010933,0.9653947053523932,0.009653947053523933,880.080988247161,0.43690337927816003,32.7,0.1834862385321101,889.0355165624791,41617.724080488115,42506.75959705059,410.35800656679675,2.718763047591679,USD,SKU30,haircare,Supplier 4,Kolkata,Carrier B,Route C,Road
32,26,3,2,2,3,2,50.8473930517187,28.0,168.0,9655.135102719398,6.0,17.0,24.0,24.0,44.0,4.0,2.6796609649814065,461.0,8.0,60.25114566159808,2.9890000066550746,0.029890000066550747,609.3792066184267,6.6236492263729545,6.0,0.03571428571428571,612.0588675834081,27775.778149996717,28387.837017580125,848.5124503447017,3.643207545139334,USD,SKU31,skincare,Supplier 3,Chennai,Carrier B,Route C,Rail
33,27,3,4,3,1,3,79.20993601565672,43.0,781.0,9571.55048732782,89.0,13.0,30.0,30.0,64.0,4.0,6.599104901238584,737.0,7.0,29.69246715374977,1.946036119386113,0.01946036119386113,761.1739095148776,-66.95442962983365,18.162790697674417,0.11395646606914213,767.7730144161161,21883.34829231358,22651.1213067297,440.7990020749237,0.9830640389450911,USD,SKU32,skincare,Supplier 3,Kolkata,Carrier C,Route A,Road
34,28,5,2,3,1,4,64.7954350001556,63.0,616.0,5149.9983504080365,4.0,17.0,1.0,1.0,95.0,9.0,4.85827050343664,251.0,23.0,23.853427512896133,3.541046012250923,0.03541046012250923,371.255295519871,-56.43504806767503,9.777777777777779,0.006493506493506494,376.11356602330767,5987.2103057369295,6363.323871760237,225.3282262075769,0.6105739708170579,USD,SKU33,cosmetics,Supplier 5,Chennai,Carrier C,Route A,Sea
35,29,1,2,1,2,3,37.46759232984246,96.0,602.0,9061.710895507724,1.0,26.0,4.0,4.0,21.0,7.0,1.019487570822119,452.0,10.0,10.754272815029331,0.6466045593720549,0.0064660455937205485,510.3580004335235,-22.41491642368345,6.270833333333333,0.0016611295681063123,511.3774880043456,4860.931312393258,5372.308800397604,34.73759364691705,0.8494642657879495,USD,SKU34,skincare,Supplier 1,Chennai,Carrier A,Route B,Road
36,30,1,3,3,3,4,84.95778681635043,11.0,449.0,6541.329344802465,42.0,27.0,3.0,3.0,85.0,8.0,5.288189990327409,367.0,2.0,58.004787044743765,0.5411540980605811,0.005411540980605811,553.4204712303558,-70.38912457848303,40.81818181818182,0.0935412026726058,558.7086612206832,21287.75684542096,21846.465506641645,118.22304337058256,1.2443400027186708,USD,SKU35,cosmetics,Supplier 1,Delhi,Carrier C,Route C,Sea
37,31,2,3,2,3,1,9.813002578754052,34.0,963.0,7573.402457848733,18.0,23.0,26.0,26.0,28.0,3.0,2.107951267159081,671.0,19.0,45.531364237162144,3.8055333792433537,0.03805533379243354,403.8089742481805,-1.948617887322345,28.323529411764707,0.018691588785046728,405.9169255153396,30551.5454031358,30957.462328651138,1178.0965622835058,0.42151290292350946,USD,SKU36,skincare,Supplier 2,Delhi,Carrier B,Route C,Air
38,32,3,4,1,1,4,23.39984475261435,5.0,963.0,2438.339930470029,25.0,8.0,24.0,24.0,21.0,9.0,1.5326552735904306,867.0,15.0,34.34327746507538,2.610288084848113,0.02610288084848113,183.9329680435944,-20.86781990269739,192.6,0.02596053997923157,185.46562331718482,29775.621562220356,29961.08718553754,782.0706888950413,0.19259150915595516,USD,SKU37,skincare,Supplier 3,Kolkata,Carrier A,Route A,Sea
39,33,5,5,2,2,1,52.0759306827078,75.0,705.0,9692.318040218432,69.0,1.0,10.0,10.0,88.0,5.0,9.235931437249228,841.0,12.0,5.930693645528318,0.6133268991645074,0.006133268991645074,339.6728699486061,-38.327961831334136,9.4,0.09787234042553192,348.9088013858553,4987.713355889316,5336.622157275171,32.73093919734185,0.4949061012565324,USD,SKU38,cosmetics,Supplier 5,Mumbai,Carrier B,Route B,Air
40,34,2,4,1,2,1,19.127477265823256,26.0,176.0,1912.4656631007608,78.0,29.0,30.0,30.0,34.0,3.0,5.562503778830384,791.0,6.0,9.005807428781642,1.451972203996816,0.01451972203996816,653.6729945520332,-8.261195089114388,6.769230769230769,0.4431818181818182,659.2354983308636,7123.593676166279,7782.829174497142,113.00451629825335,3.7456562405162703,USD,SKU39,skincare,Supplier 2,Kolkata,Carrier A,Route B,Air
41,36,1,4,3,1,3,80.54142417094033,97.0,933.0,5724.959350456265,90.0,20.0,18.0,18.0,39.0,8.0,7.229595139736474,793.0,1.0,88.17940710421746,4.213269430586566,0.04213269430586566,529.8087239806919,-74.40534769671068,9.618556701030927,0.09646302250803858,537.0383191204284,69926.26983364444,70463.30815276488,2968.8090221804537,0.5756037718332565,USD,SKU40,skincare,Supplier 1,Kolkata,Carrier C,Route A,Road
42,37,4,2,2,1,4,99.11329161531717,35.0,556.0,5521.205259010972,64.0,19.0,18.0,18.0,38.0,8.0,5.773263743766654,892.0,7.0,95.3320645487725,0.0453022623982596,0.00045302262398259604,275.5243711313098,-89.18306632932621,15.885714285714286,0.11510791366906475,281.2976348750765,85036.20157750507,85317.49921238015,38.65075736482552,0.5059309979767562,USD,SKU41,skincare,Supplier 4,Chennai,Carrier B,Route A,Sea
43,38,5,1,3,1,3,46.52916761451677,98.0,155.0,1839.609425856764,22.0,27.0,26.0,26.0,57.0,4.0,7.526248326851508,179.0,7.0,96.42282063957188,4.939255288620948,0.04939255288620948,635.6571205019919,-34.660719705763455,1.5816326530612246,0.14193548387096774,643.1833688288434,17259.684894483365,17902.868263312208,884.2683675104895,4.149570121476409,USD,SKU42,skincare,Supplier 5,Bangalore,Carrier C,Route A,Road
44,39,5,5,2,1,1,11.74327177630924,6.0,598.0,5737.425599119023,36.0,29.0,1.0,1.0,85.0,9.0,3.6940212683884543,206.0,23.0,26.27736595733241,0.3723047679850977,0.003723047679850977,716.0441197593407,-2.1489145871469937,99.66666666666667,0.06020066889632107,719.7381410277292,5413.137387210477,6132.875528238206,22.832988006222088,1.2035754866684434,USD,SKU43,haircare,Supplier 5,Mumbai,Carrier B,Route A,Air
45,40,2,3,3,1,2,51.35579091311039,34.0,919.0,7152.2860494355145,13.0,19.0,7.0,7.0,72.0,6.0,7.577449657376693,834.0,18.0,22.554106620887744,2.962626320454882,0.02962626320454882,610.4532696192277,-43.573107507848675,27.029411764705884,0.014145810663764961,618.0307192766045,18810.124921820377,19428.155641096982,575.583652602079,0.6725035030213324,USD,SKU44,cosmetics,Supplier 2,Delhi,Carrier C,Route A,Rail
46,41,2,2,2,1,2,33.78413803306551,1.0,24.0,5267.956807510521,93.0,7.0,25.0,25.0,52.0,6.0,5.21515500871191,794.0,25.0,66.31254443999165,3.219604612084106,0.03219604612084106,495.305697028474,185.71406227987285,24.0,3.875,500.52085203718593,52652.16028535338,53152.681137390566,1711.3061733457853,20.855035501549413,USD,SKU45,haircare,Supplier 2,Chennai,Carrier B,Route A,Rail
47,42,3,2,2,2,3,27.0822071998889,75.0,859.0,2556.767360633596,92.0,29.0,18.0,18.0,6.0,8.0,4.070955837084083,870.0,23.0,77.32235321105162,3.6486105925362033,0.036486105925362035,380.4359371119643,-24.10576091277179,11.453333333333333,0.10710128055878929,384.50689294904834,67270.44729361491,67654.95418656396,2468.465824826488,0.4476215284622216,USD,SKU46,haircare,Supplier 3,Chennai,Carrier B,Route B,Road
48,43,1,4,2,1,2,95.71213588093607,93.0,910.0,7089.474249934186,4.0,15.0,10.0,10.0,51.0,9.0,8.97875075594997,964.0,20.0,19.712992911293647,0.3805735867132137,0.0038057358671321367,581.6023550505868,-87.92150483705235,9.78494623655914,0.004395604395604396,590.5811058065367,19003.325166487077,19593.906272293614,74.56923187769316,0.6489902261610293,USD,SKU47,skincare,Supplier 1,Kolkata,Carrier B,Route A,Rail
49,44,2,5,3,2,2,76.03554442689172,28.0,29.0,7397.07100458718,30.0,16.0,9.0,9.0,9.0,3.0,7.0958331565551385,109.0,18.0,23.126363582464776,1.6981125407144038,0.016981125407144037,768.65191395437,179.03586952439036,1.0357142857142858,1.0344827586206897,775.7477471109252,2520.7736304886607,3296.521377599586,55.978642920349785,26.749922314169833,USD,SKU48,haircare,Supplier 2,Mumbai,Carrier C,Route B,Rail
50,45,5,3,3,1,2,78.89791320564004,19.0,99.0,8001.613206519002,97.0,24.0,28.0,28.0,9.0,6.0,2.5056210329009154,177.0,28.0,14.147815443979216,2.825813985400132,0.02825813985400132,336.8901685199779,1.9264626177842246,5.2105263157894735,0.9797979797979798,339.39578955287885,2504.163333584321,2843.5591231372,80.35369138473236,3.428240298513928,USD,SKU49,cosmetics,Supplier 5,Delhi,Carrier C,Route A,Rail
51,47,2,3,1,2,2,14.203484264803022,91.0,633.0,5910.885389668899,31.0,23.0,20.0,20.0,82.0,10.0,6.247860914975991,306.0,21.0,45.17875792463452,4.754800804671185,0.04754800804671185,496.24865029194046,-4.865592653951682,6.956043956043956,0.04897314375987362,502.49651120691647,13824.699924938162,14327.19643614508,681.2296514326476,0.7938333510377827,USD,SKU50,cosmetics,Supplier 2,Delhi,Carrier A,Route B,Rail
52,48,5,1,1,1,3,26.70076097246173,61.0,154.0,9866.465457979695,100.0,4.0,18.0,18.0,52.0,1.0,4.783000557947665,673.0,28.0,14.19032834456998,1.7729511720835571,0.01772951172083557,694.9823175794459,37.36719654688694,2.5245901639344264,0.6493506493506493,699.7653181373935,9550.090975895597,10249.85629403299,181.72494730193816,4.5439306372558015,USD,SKU51,haircare,Supplier 5,Bangalore,Carrier A,Route A,Road
53,49,1,5,2,3,1,98.03182965646508,1.0,820.0,9435.76260891213,64.0,11.0,10.0,10.0,11.0,1.0,8.631052179768947,727.0,27.0,9.166849148597151,2.1224716191438247,0.021224716191438245,602.8984988383834,-86.52480208462102,820.0,0.07804878048780488,611.5295510181523,6664.299331030129,7275.828882048281,154.42740307894417,0.7457677451440883,USD,SKU52,skincare,Supplier 1,Mumbai,Carrier B,Route C,Air
54,50,1,3,2,2,1,30.34147071121421,93.0,242.0,8232.334829425821,96.0,25.0,1.0,1.0,54.0,3.0,1.0134865660958965,631.0,17.0,83.34405899167797,1.4103475760760271,0.014103475760760271,750.7378406682709,3.6764418070743083,2.6021505376344085,0.39669421487603307,751.7513272343668,52590.101223748796,53341.85255098316,752.3055244868394,3.1064104431172184,USD,SKU53,skincare,Supplier 1,Delhi,Carrier B,Route B,Air
55,51,1,4,2,2,3,31.146243160240854,11.0,622.0,6088.021479940859,33.0,22.0,26.0,26.0,61.0,3.0,4.305103471287636,497.0,29.0,30.186023375822508,2.478771975539748,0.02478771975539748,814.0699965821875,-21.35842727609156,56.54545454545455,0.05305466237942122,818.3751000534752,15002.453617783787,15820.828717837263,392.1622685558945,1.3157155949412784,USD,SKU54,haircare,Supplier 1,Kolkata,Carrier B,Route B,Road
56,52,2,3,1,2,4,79.85505834078943,16.0,701.0,2925.6751703038126,97.0,11.0,27.0,27.0,11.0,5.0,5.014364955030907,918.0,5.0,30.3235452566165,4.548919659396385,0.04548919659396385,323.01292795247883,-75.68148463136886,43.8125,0.1383737517831669,328.0272929075097,27837.014545573948,28165.04183848146,1281.2051252679003,0.46794192996791684,USD,SKU55,haircare,Supplier 2,Delhi,Carrier A,Route B,Sea
57,53,1,5,3,2,1,20.986386037043378,90.0,93.0,4767.020484344137,25.0,23.0,24.0,24.0,83.0,5.0,1.7744297140717396,826.0,28.0,12.836284572832753,1.173755495387454,0.01173755495387454,832.2108087060217,30.27189874085057,1.0333333333333334,0.26881720430107525,833.9852384200934,10602.771057159855,11436.756295579948,134.23955551344025,8.967583208818208,USD,SKU56,skincare,Supplier 1,Mumbai,Carrier C,Route B,Air
58,54,2,3,2,1,2,49.26320535073416,65.0,227.0,1605.8669003924058,5.0,18.0,21.0,21.0,51.0,1.0,9.16055853538187,588.0,25.0,67.77962298707814,2.511174830212707,0.02511174830212707,482.1912386025281,-42.18890182477642,3.4923076923076923,0.022026431718061675,491.35179713790995,39854.41831640195,40345.77011353986,1013.1528241466937,2.164545361841013,USD,SKU57,haircare,Supplier 2,Delhi,Carrier B,Route A,Rail
59,55,3,3,1,2,3,59.84156137728931,81.0,896.0,2021.149810337108,10.0,5.0,18.0,18.0,44.0,7.0,4.93843856471209,396.0,7.0,65.04741509469146,1.7303747198591968,0.017303747198591967,110.36433523136472,-57.585813821109504,11.061728395061728,0.011160714285714286,115.3027737960768,25758.77637749782,25874.079151293896,447.71852463034855,0.12868613146883573,USD,SKU58,skincare,Supplier 3,Delhi,Carrier A,Route B,Road
60,56,1,4,2,1,1,63.828398347710966,30.0,484.0,1061.618523013288,100.0,16.0,11.0,11.0,26.0,7.0,7.293722596867728,176.0,4.0,1.900762243519458,0.4471940154638232,0.004471940154638232,312.5742736100933,-61.63497164727029,16.133333333333333,0.2066115702479339,319.86799620696104,334.53415485942463,654.4021510663856,2.926447256635404,0.6608842896838037,USD,SKU59,cosmetics,Supplier 1,Kolkata,Carrier B,Route A,Air
61,58,4,5,3,1,2,17.028027920188702,16.0,380.0,8864.084349586436,41.0,27.0,29.0,29.0,72.0,8.0,4.3813681581023145,929.0,24.0,87.21305781513568,2.853090616649054,0.02853090616649054,430.1690969751365,6.298509841880865,23.75,0.10789473684210527,434.5504651332388,81020.93071026105,81455.48117539429,2323.998690161511,1.1435538556137863,USD,SKU60,skincare,Supplier 4,Mumbai,Carrier C,Route A,Rail
62,59,4,4,3,1,1,52.02874990329492,23.0,117.0,6885.589350896253,32.0,23.0,14.0,14.0,36.0,7.0,9.030340422521949,480.0,12.0,78.7023939688789,4.367470538205053,0.04367470538205053,164.36652824341942,6.822441130006382,5.086956521739131,0.27350427350427353,173.39686866594138,37777.14910506187,37950.545973727814,1657.4789144905262,1.4820245185123195,USD,SKU61,haircare,Supplier 4,Kolkata,Carrier C,Route A,Air
63,60,2,5,3,3,4,72.79635395558736,89.0,270.0,3899.746833729224,86.0,2.0,13.0,13.0,40.0,7.0,7.291701388776776,751.0,14.0,21.048642725168644,1.8740014040443749,0.01874001404044375,320.8465157591116,-58.352847163997644,3.033707865168539,0.31851851851851853,328.1382171478884,15807.530686601653,16135.668903749542,302.382661808218,1.2153267301773645,USD,SKU62,cosmetics,Supplier 2,Mumbai,Carrier C,Route C,Sea
64,61,3,1,1,1,4,13.017376785287857,55.0,246.0,4256.949140850225,54.0,19.0,18.0,18.0,10.0,4.0,2.45793352798733,736.0,10.0,20.075003975630484,3.6328432903821337,0.03632843290382134,687.2861778664173,4.287294518981353,4.472727272727273,0.21951219512195122,689.7441113944046,14775.202926064036,15464.94703745844,561.8172908114595,2.803837851196767,USD,SKU63,skincare,Supplier 3,Bangalore,Carrier A,Route A,Sea
65,62,1,3,3,3,1,89.63409560813533,11.0,134.0,8458.730878367178,73.0,27.0,17.0,17.0,75.0,6.0,4.585353468194652,328.0,6.0,8.693042425877287,0.1594863147175146,0.001594863147175146,771.2250846811575,-26.50923830688773,12.181818181818182,0.5447761194029851,775.8104381493521,2851.3179156877504,3627.1283538371026,5.784773341608848,5.789630135442926,USD,SKU64,skincare,Supplier 1,Delhi,Carrier C,Route C,Air
66,63,5,4,3,3,2,33.69771720664313,72.0,457.0,8354.579686481995,57.0,24.0,16.0,16.0,54.0,8.0,6.580541347884595,358.0,21.0,1.5972227430506774,4.911095954842331,0.04911095954842331,555.8591036717435,-15.416361218717537,6.347222222222222,0.12472647702407003,562.4396450196281,571.8057420121424,1134.2453870317704,55.70387932050302,1.2307213238941532,USD,SKU65,skincare,Supplier 5,Kolkata,Carrier C,Route C,Rail
67,64,5,4,1,1,3,26.03486977396209,52.0,704.0,8367.721618020154,13.0,17.0,24.0,24.0,19.0,8.0,2.2161427287713638,867.0,28.0,42.08443673830996,3.4480632883402618,0.03448063288340262,393.8433485784279,-14.148901566547098,13.538461538461538,0.018465909090909092,396.05949130719927,36487.206652114735,36883.26614342193,1271.7583594321648,0.5625845046977263,USD,SKU66,skincare,Supplier 5,Kolkata,Carrier A,Route A,Road
68,65,1,5,3,3,4,87.75543235400107,16.0,513.0,9473.798032508335,12.0,9.0,10.0,10.0,71.0,9.0,9.147811544710631,198.0,11.0,7.057876146978231,0.1319554443118148,0.001319554443118148,169.2718013847869,-69.2879897955053,32.0625,0.023391812865497075,178.41961292949753,1397.4594771016896,1575.8790900311872,2.079458255067637,0.34779651643176906,USD,SKU67,skincare,Supplier 1,Mumbai,Carrier C,Route C,Sea
69,66,2,1,2,1,2,37.93181238279032,29.0,163.0,3550.218432780992,0.0,8.0,2.0,2.0,58.0,8.0,1.1942518648849991,375.0,18.0,97.1135815634622,1.98346787217418,0.0198346787217418,299.7063031181032,-16.151331200084847,5.620689655172414,0.0,300.90055498298824,36417.59308629833,36718.49364128132,728.2995245211341,1.8460156747422591,USD,SKU68,haircare,Supplier 2,Bangalore,Carrier B,Route A,Rail
70,67,4,4,2,1,1,54.86552851706979,62.0,511.0,1752.3810874841247,95.0,1.0,9.0,9.0,27.0,3.0,9.705286790120349,862.0,7.0,77.62776581274817,1.3623879886491086,0.013623879886491086,207.6632062085756,-51.43621132042767,8.241935483870968,0.18590998043052837,217.36849299869593,66915.13413058892,67132.50262358761,914.6051522233054,0.4253786555747474,USD,SKU69,skincare,Supplier 4,Kolkata,Carrier B,Route A,Air
71,69,1,1,2,3,3,47.914541824058766,90.0,32.0,7014.887987203389,10.0,12.0,22.0,22.0,22.0,4.0,6.315717754600723,775.0,16.0,11.440781823761265,1.8305755986122316,0.018305755986122316,183.272898748711,171.30070777604712,0.35555555555555557,0.3125,189.5886165033117,8866.60591341498,9056.194529918292,165.78048722753994,5.924644265728491,USD,SKU70,haircare,Supplier 1,Bangalore,Carrier B,Route C,Road
72,70,2,1,1,1,3,6.381533162747966,14.0,637.0,8180.337085425443,76.0,2.0,2.0,2.0,26.0,6.0,9.228190317052515,258.0,10.0,30.66167747785956,2.078750607874969,0.020787506078749688,405.1670678888559,6.460440283759794,45.5,0.11930926216640503,414.3952582059084,7910.712789287766,8325.108047493675,173.05823414352272,0.650542006602682,USD,SKU71,cosmetics,Supplier 2,Bangalore,Carrier A,Route A,Road
73,71,1,1,1,2,2,90.20442752052809,88.0,478.0,2633.121981312256,57.0,29.0,21.0,21.0,77.0,9.0,6.599614159689544,152.0,11.0,55.76049289524421,3.213329607438309,0.03213329607438309,677.9445698461833,-84.69580412866144,5.431818181818182,0.1192468619246862,684.5441840058728,8475.594920077121,9160.139104082993,294.3454619140331,1.4321008033595666,USD,SKU72,cosmetics,Supplier 1,Bangalore,Carrier A,Route B,Rail
74,72,4,2,2,1,3,83.8510176813046,41.0,375.0,7910.886916140686,17.0,25.0,13.0,13.0,66.0,5.0,1.5129368369160772,444.0,4.0,46.87023879761716,4.620546064513706,0.046205460645137066,866.4728001296578,-62.75531923826277,9.146341463414634,0.04533333333333334,867.9857369665739,20810.38602614202,21678.371763108593,1001.6591533509647,2.3146286319108635,USD,SKU73,cosmetics,Supplier 4,Chennai,Carrier B,Route A,Road
75,73,4,3,1,1,2,3.170011413566155,64.0,904.0,5709.945295969287,41.0,6.0,1.0,1.0,1.0,5.0,5.237654650037448,919.0,9.0,80.58085215644782,0.3966127241099354,0.003966127241099354,341.55265678322337,3.1462997545414635,14.125,0.04535398230088496,346.7903114332608,74053.80313177555,74400.59344320881,295.08222040906844,0.3836176011429876,USD,SKU74,haircare,Supplier 4,Delhi,Carrier A,Route A,Rail
76,74,1,2,3,3,1,92.99688423397066,29.0,106.0,1889.073589779335,16.0,20.0,25.0,25.0,56.0,10.0,2.473897761045461,759.0,11.0,48.06478264000659,2.030069088668752,0.02030069088668752,873.1296480176514,-75.17543527378825,3.6551724137931036,0.1509433962264151,875.6035457786969,36481.170023765,37356.7735695437,758.3683127592851,8.26041080923299,USD,SKU75,skincare,Supplier 1,Chennai,Carrier C,Route C,Air
77,75,2,1,1,1,2,69.10879954743032,23.0,241.0,5328.375984297758,38.0,1.0,25.0,25.0,22.0,10.0,7.054538336836926,985.0,24.0,64.32359779560022,2.1800374515822165,0.021800374515822164,997.4134501331946,-46.99935562918236,10.478260869565217,0.15767634854771784,1004.4679884700315,63358.74382866622,64363.21181713625,1403.1421226547611,4.16791696460594,USD,SKU76,haircare,Supplier 2,Bangalore,Carrier A,Route A,Rail
78,76,1,4,2,2,3,57.44974295897148,14.0,359.0,2483.7601775427947,96.0,28.0,26.0,26.0,57.0,4.0,6.780946625617895,334.0,5.0,42.95244474899184,3.055141818307548,0.03055141818307548,852.56809891985,-50.531190932389876,25.642857142857142,0.26740947075208915,859.3490455454678,14346.116546163274,15205.465591708742,464.548537960659,2.3937299318815257,USD,SKU77,haircare,Supplier 1,Kolkata,Carrier B,Route B,Road
79,77,5,5,2,3,4,6.306883176111915,50.0,946.0,1292.4584179377562,5.0,4.0,25.0,25.0,51.0,5.0,8.46704977086199,858.0,21.0,71.12651472040338,4.096881332470452,0.04096881332470452,323.59220343132216,-4.940648062012807,18.92,0.005285412262156448,332.05925320218415,61026.5496301061,61358.60888330828,2513.7893932038137,0.3510140097274674,USD,SKU78,haircare,Supplier 5,Mumbai,Carrier B,Route C,Sea
80,78,3,1,2,3,1,57.05703122110322,56.0,198.0,7888.723268427081,31.0,25.0,5.0,5.0,20.0,1.0,6.4963253642950445,228.0,12.0,57.87090292403628,0.1658716274806082,0.0016587162748060822,351.50421933503867,-17.21499451187554,3.5357142857142856,0.15656565656565657,358.0005446993337,13194.565866680272,13552.566411379607,22.479862471945616,1.808083559087544,USD,SKU79,haircare,Supplier 3,Bangalore,Carrier B,Route C,Air
81,80,3,2,3,2,4,91.12831835044432,75.0,872.0,8651.672682982065,39.0,14.0,8.0,8.0,41.0,2.0,2.8331846794189746,202.0,5.0,76.96122802382001,2.8496621985053308,0.028496621985053306,787.7798504943445,-81.20667536537314,11.626666666666667,0.04472477064220184,790.6130351737635,15546.168060811642,16336.781095985405,465.54307534486094,0.9066663247405544,USD,SKU80,skincare,Supplier 3,Chennai,Carrier C,Route B,Sea
82,81,3,3,2,2,2,72.81920693031822,9.0,774.0,4384.413400045863,48.0,6.0,28.0,28.0,8.0,5.0,4.066277501512044,698.0,1.0,19.789592941903603,2.547547121548712,0.02547547121548712,276.77833594679885,-67.15459013439333,86.0,0.06201550387596899,280.8446134483109,13813.135873448715,14093.980486897026,359.05079420558235,0.3628483377885154,USD,SKU81,haircare,Supplier 3,Delhi,Carrier B,Route B,Rail
83,82,2,5,1,3,3,17.034930739467917,13.0,336.0,2943.3818676094515,42.0,19.0,6.0,6.0,72.0,1.0,4.70818187354193,955.0,26.0,4.46527843494324,4.137877048622357,0.04137877048622357,589.9785556280407,-8.27486565729693,25.846153846153847,0.125,594.6867375015826,4264.340905370795,4859.027642872377,201.06058962063202,1.7699010044689958,USD,SKU82,skincare,Supplier 2,Mumbai,Carrier A,Route C,Road
84,83,1,1,2,1,3,68.91124621160633,82.0,663.0,2411.754632110491,65.0,24.0,20.0,20.0,7.0,8.0,4.949839577996949,443.0,5.0,97.73059380053304,0.7730061340672478,0.007730061340672478,682.9710182260933,-65.27360724914706,8.085365853658537,0.09803921568627451,687.9208578040902,43294.65305363614,43982.57391144023,339.98799425609405,1.037588020820649,USD,SKU83,haircare,Supplier 1,Bangalore,Carrier B,Route A,Road
85,84,5,2,1,2,1,89.10436729210225,99.0,618.0,2048.2900998487103,73.0,26.0,24.0,24.0,80.0,10.0,8.381615624922631,589.0,22.0,33.808636513209095,4.843456577118041,0.04843456577118041,465.457005963688,-85.78998201726615,6.242424242424242,0.11812297734627832,473.83862158861064,19913.28690628016,20387.125527868768,987.441572264871,0.7667291611466192,USD,SKU84,haircare,Supplier 5,Chennai,Carrier A,Route B,Air
86,85,5,2,3,2,3,76.96299441519388,83.0,25.0,8684.613059253858,15.0,18.0,4.0,4.0,66.0,2.0,8.249168704871728,211.0,2.0,69.9293455186723,1.3744289997457582,0.013744289997457582,842.6868300046415,270.4215279549604,0.30120481927710846,0.6,850.9359987095132,14755.091904439856,15606.02790314937,214.4937732092998,34.03743994838053,USD,SKU85,cosmetics,Supplier 5,Chennai,Carrier C,Route B,Road
87,86,1,5,2,1,2,19.99817694040422,18.0,223.0,1229.5910285649834,32.0,14.0,4.0,4.0,22.0,6.0,1.4543053101535517,569.0,18.0,74.60896999519468,2.0515129307662465,0.020515129307662465,264.2548898358665,-14.48431582576304,12.38888888888889,0.14349775784753363,265.70919514602,42452.503927265774,42718.21312241179,876.3696659985615,1.1915210544664574,USD,SKU86,skincare,Supplier 1,Mumbai,Carrier B,Route A,Rail
88,87,3,2,1,2,4,80.41403665035574,24.0,79.0,5133.846701086692,5.0,7.0,27.0,27.0,55.0,10.0,6.575803797548535,523.0,17.0,28.69699682414317,3.693737787839276,0.03693737787839276,879.3592177349243,-15.428635370777371,3.2916666666666665,0.06329113924050633,885.9350215324729,15008.529339026878,15894.46436055935,587.0998362606271,11.214367361170543,USD,SKU87,haircare,Supplier 3,Chennai,Carrier A,Route B,Sea
89,88,2,5,1,1,4,75.27040697572501,58.0,737.0,9444.74203306298,60.0,18.0,21.0,21.0,85.0,7.0,3.8012531329310777,953.0,11.0,68.18491905704117,0.722204401882931,0.00722204401882931,103.91624796070496,-62.455288884730464,12.706896551724139,0.0814111261872456,107.71750109363605,64980.22786136024,65087.94536245387,470.06800650279894,0.1461567179018128,USD,SKU88,cosmetics,Supplier 2,Mumbai,Carrier A,Route A,Sea
90,89,1,4,2,2,2,97.76008558193868,10.0,134.0,5924.682566853231,90.0,1.0,23.0,23.0,27.0,8.0,9.92981624527726,370.0,11.0,46.60387338164447,1.9076657339590744,0.019076657339590745,517.4999739290605,-53.546036575571286,13.4,0.6716417910447762,527.4297901743378,17243.433151208454,17770.86294138279,339.0086629615912,3.936043210256252,USD,SKU89,cosmetics,Supplier 1,Kolkata,Carrier B,Route B,Rail
91,91,3,1,2,2,2,13.881913501359142,56.0,320.0,9592.633570280312,66.0,18.0,8.0,8.0,96.0,7.0,7.674430708112694,585.0,8.0,85.67596333579797,1.2193822244013883,0.012193822244013884,990.0784725058112,16.09506640576683,5.714285714285714,0.20625,997.7529032139239,50120.43855144182,51118.19145465574,623.3261400335416,3.117977822543512,USD,SKU90,skincare,Supplier 3,Bangalore,Carrier B,Route B,Rail
92,92,4,3,2,2,2,62.11196546396179,90.0,916.0,1935.206793507599,98.0,22.0,5.0,5.0,85.0,7.0,7.471514084401146,207.0,28.0,39.772882502339975,0.6260018582093946,0.006260018582093946,996.7783149506238,-59.99929429201026,10.177777777777777,0.10698689956331878,1004.249829035025,8232.986677984374,9237.2365070194,57.82527218113801,1.0963426081168395,USD,SKU91,cosmetics,Supplier 4,Delhi,Carrier B,Route B,Rail
93,93,2,5,2,2,2,47.71423307582023,44.0,276.0,2100.1297546259366,90.0,25.0,4.0,4.0,10.0,8.0,4.469500026123601,671.0,29.0,62.61269039561434,0.3334318252247392,0.003334318252247392,230.0927825367629,-40.10506729819003,6.2727272727272725,0.32608695652173914,234.5622825628865,42013.11525545722,42247.67753802011,140.8672023300826,0.849863342619154,USD,SKU92,cosmetics,Supplier 2,Mumbai,Carrier B,Route B,Rail
94,94,4,2,3,1,1,69.29083100290549,88.0,114.0,4531.4021336919095,63.0,17.0,21.0,21.0,66.0,1.0,7.0064320590043945,824.0,20.0,35.63365234334388,4.165781795424145,0.04165781795424145,823.5238458881558,-29.541689479292252,1.2954545454545454,0.5526315789473685,830.5302779471602,29362.12953091536,30192.65980886252,1257.7603258719373,7.285353315325967,USD,SKU93,haircare,Supplier 4,Chennai,Carrier C,Route A,Air
95,95,2,3,2,2,2,3.037688724631414,97.0,987.0,7888.356546661873,77.0,26.0,12.0,12.0,72.0,9.0,6.942945942032581,908.0,14.0,60.38737861486212,1.4636074984727798,0.014636074984727798,846.6652569866948,4.954567148379603,10.175257731958762,0.07801418439716312,853.6082029287273,54831.739782294804,55685.34798522353,815.0149286623927,0.8648512694313347,USD,SKU94,cosmetics,Supplier 2,Delhi,Carrier B,Route B,Rail
96,96,4,5,2,1,1,77.90392721944775,65.0,672.0,7386.363944048664,15.0,14.0,18.0,18.0,26.0,9.0,8.630338869602754,450.0,26.0,58.89068576858998,1.2108821295850665,0.012108821295850664,778.8642413766479,-66.91231420747057,10.338461538461539,0.022321428571428572,787.4945802462506,26500.808595865492,27288.30317611174,330.4291866265312,1.171866934890254,USD,SKU95,haircare,Supplier 4,Mumbai,Carrier B,Route A,Air
97,97,3,5,3,1,3,24.42313142037338,29.0,324.0,7698.424765632117,67.0,2.0,28.0,28.0,32.0,3.0,5.352878043996809,648.0,28.0,17.80375633139127,3.872047681482133,0.03872047681482133,188.74214114905695,-0.6625611560767233,11.172413793103448,0.20679012345679013,194.09501919305376,11536.834102741543,11730.929121934596,454.22716908218086,0.5990587012131289,USD,SKU96,cosmetics,Supplier 3,Mumbai,Carrier C,Route A,Road
98,98,4,5,1,1,3,3.526111259143416,56.0,62.0,4370.916579984536,46.0,19.0,10.0,10.0,4.0,9.0,7.904845611209675,535.0,13.0,65.76515592636746,3.376237834717981,0.03376237834717981,540.1324228679678,66.97254325673619,1.1071428571428572,0.7419354838709677,548.0372684791774,35184.358420606586,35732.395689085766,1206.4106625060504,8.839310781922217,USD,SKU97,haircare,Supplier 4,Mumbai,Carrier A,Route A,Road
99,99,5,2,2,1,2,19.7546048668786,43.0,913.0,8525.952559683526,53.0,1.0,28.0,28.0,27.0,7.0,1.409801095138073,581.0,9.0,5.604690864371781,2.908122169351261,0.029081221693512613,882.1988635470415,-10.416212139952505,21.232558139534884,0.05805038335158817,883.6086646421795,3256.325392200005,4139.934056842185,120.39434010355062,0.9678079568917629,USD,SKU98,skincare,Supplier 5,Chennai,Carrier B,Route A,Rail
100,100,2,2,2,2,2,68.51783269927664,17.0,627.0,9185.185829181704,55.0,8.0,29.0,29.0,59.0,6.0,1.3110237561206226,921.0,2.0,38.07289852062604,0.3460272907055034,0.0034602729070550343,210.74300896424612,-53.868413513978865,36.88235294117647,0.08771929824561403,212.05403272036673,35065.13953749658,35277.19357021694,122.06871714795774,0.3382041989160554,USD,SKU99,haircare,Supplier 2,Chennai,Carrier B,Route B,Rail
